testuser,test
rocky,prod
hvwbtu,prod
atdtkx,prod
tebwjl,prod
rjwgef,prod
nutzew,prod
weemto,prod
smnewc,prod
nyxbag,prod
bjmttj,prod
twqpog,prod
jyqbim,prod
hmxidm,prod
xsqrif,prod
ruatss,prod
hyrmzk,prod
aemwsq,prod
oohrsd,prod
choiem,prod
tzuxnb,prod
pfghfy,prod
wqbuss,prod
riojzz,prod
jfqjsz,prod
gwluyo,prod
hebamp,prod
einkwg,prod
knvwaz,prod
dieuvl,prod
wprzbi,prod
rkdesu,prod
naonuj,prod
uoyhmy,prod
qolbqq,prod
cnwmih,prod
wbuwow,prod
fdjzmm,prod
haxnzf,prod
qhrqim,prod
biqcyp,prod
opkvaq,prod
jinsdo,prod
hgcgtf,prod
cvtzcp,prod
yxksrk,prod
yhcsou,prod
kzfnht,prod
yspxoa,prod
kyzvvd,prod
qcvrol,prod
fdevxv,prod
gwuxjg,prod
opjsvb,prod
qkbpcd,prod
wnkmas,prod
ogbebl,prod
qeokji,prod
zkiwpo,prod
espimx,prod
makekr,prod
myyxmh,prod
qaufrv,prod
bwkchb,prod
wrycel,prod
yyhelc,prod
nyaaei,prod
hlotxw,prod
jjmsrz,prod
dqgqgt,prod
vhussd,prod
ejfgrk,prod
czzkyx,prod
qtgzld,prod
ztwtso,prod
mldxke,prod
zieeok,prod
frjoqd,prod
ytbzyc,prod
cglpjy,prod
eumjzk,prod
vgxzcq,prod
adtosm,prod
vuctbt,prod
enzqta,prod
ujrfhi,prod
yilymj,prod
ttqywq,prod
gfljow,prod
jrhdjg,prod
uufpip,prod
rlptux,prod
ddvjuu,prod
tnzzkt,prod
lokkvh,prod
qqrmfb,prod
snuqxc,prod
zmhxrm,prod
gvtzoz,prod
xsykhy,prod
mcalgc,prod
vzevix,prod
chrycd,prod
drnabz,prod
bdaudp,prod
yyerny,prod
pdwtct,prod
taknmb,prod
puftjm,prod
uzmfaa,prod
cbbczt,prod
mcgdzd,prod
xmment,prod
tjwjcf,prod
dyzdfn,prod
fjcmkt,prod
sucysp,prod
rdienx,prod
xwxzse,prod
janmrz,prod
rxxmdu,prod
zhfpst,prod
azsbsf,prod
abcziw,prod
cudtrn,prod
dxjszu,prod
emeedp,prod
bgxcbt,prod
uzjrap,prod
iacsgt,prod
egwzcd,prod
zfdyha,prod
ejrjnn,prod
pcjshf,prod
fhwzfj,prod
ysphky,prod
sacram,prod
xhucdu,prod
fngtan,prod
tfenmm,prod
dkkiuf,prod
yxgfgk,prod
ecsgth,prod
eeznwz,prod
tacuus,prod
ggknpx,prod
gfjpkm,prod
gygjnn,prod
yszzsj,prod
zkumgn,prod
ktxwfe,prod
gfimiu,prod
yhpzzc,prod
acasge,prod
cmtexg,prod
dtcznc,prod
nfgzrh,prod
xrugux,prod
ixdhnx,prod
hjihpw,prod
dcwwur,prod
atnuzc,prod
fuxiza,prod
zyfgdk,prod
nyxzsm,prod
whwfwm,prod
yayinf,prod
njsniz,prod
rsnbft,prod
wjyimc,prod
bgckmj,prod
yjdkae,prod
ajtesc,prod
pemwjg,prod
garngt,prod
xcjmzy,prod
ptmxdk,prod
ygcfnj,prod
zznuzi,prod
rtrwzf,prod
jeccgj,prod
jwptcs,prod
zcegja,prod
prhgun,prod
kfwhtj,prod
mfgkny,prod
njxscu,prod
gywhcp,prod
hjxkeu,prod
bykypm,prod
spiprj,prod
cmettr,prod
ryhhdw,prod
ajbnsp,prod
mbpmwn,prod
cgthzx,prod
htfmnn,prod
kfymyj,prod
tgfwzz,prod
dspjcu,prod
skhggi,prod
pkysum,prod
